c1,c2,c3,c4,c5,c6,c7,c8,nrtg
3,0,0,0,1,0,0,1,13.491788
3,0,0,1,0,0,0,1,13.490556
3,0,0,0,0,1,0,1,13.015315
4,0,0,0,0,0,0,1,12.513253
3,1,0,0,0,0,0,1,12.365683
3,0,0,0,0,0,1,1,11.5779505
3,0,0,0,0,0,0,2,10.37338
2,2,1,0,0,0,0,0,10.3309145
3,2,0,0,0,0,0,0,10.203127
3,0,0,1,1,0,0,0,9.967339
3,0,0,1,0,1,0,0,9.807605
3,0,0,2,0,0,0,0,9.785064
3,0,0,0,1,1,0,0,9.460151
4,0,0,1,0,0,0,0,9.305544
2,0,0,2,1,0,0,0,9.185469
2,2,0,1,0,0,0,0,9.177316
2,2,0,0,1,0,0,0,8.986138
1,0,0,2,2,0,0,0,8.965693
4,0,0,0,1,0,0,0,8.958091
3,0,0,0,2,0,0,0,8.901556
4,0,0,0,0,1,0,0,8.481613
3,0,0,0,1,0,1,0,8.428211
3,0,0,1,0,0,1,0,8.370238
0,2,1,0,2,0,0,0,8.1026745
5,0,0,0,0,0,0,0,7.979551
3,1,0,0,1,0,0,0,7.9346943
1,0,0,2,1,0,1,0,7.900874
1,0,0,3,1,0,0,0,7.844629
1,0,0,2,0,0,2,0,7.8096704
1,2,0,0,2,0,0,0,7.795488
1,0,0,4,0,0,0,0,7.7326193
2,2,0,0,0,1,0,0,7.682501
2,0,0,1,1,1,0,0,7.674041
3,1,0,0,0,1,0,0,7.597411
3,1,0,1,0,0,0,0,7.574519
2,2,0,0,0,0,0,1,7.571717
3,0,0,0,0,1,1,0,7.546309
2,0,0,1,2,0,0,0,7.4696107
3,0,1,0,0,0,0,1,7.419343
1,0,1,2,1,0,0,0,7.39827
2,0,0,3,0,0,0,0,7.2963877
0,2,0,1,2,0,0,0,7.163333
1,0,0,1,2,1,0,0,7.124695
4,1,0,0,0,0,0,0,7.095351
4,0,0,0,0,0,1,0,7.0442495
2,0,0,0,2,1,0,0,7.0266256
1,2,2,0,0,0,0,0,6.9965596
1,0,0,2,1,1,0,0,6.989709
2,0,0,1,1,0,1,0,6.642106
1,0,0,1,2,0,1,0,6.6226354
0,0,0,1,0,2,0,2,6.6201324
2,0,0,0,1,1,1,0,6.483602
1,0,0,1,1,1,1,0,6.3894496
1,0,0,2,1,0,0,1,6.267442
0,0,0,1,1,2,0,1,6.2646675
2,0,0,2,0,1,0,0,6.172715
2,0,1,2,0,0,0,0,6.164494
3,1,0,0,0,0,1,0,6.160049
2,2,0,0,0,0,1,0,6.1592364
2,0,0,2,0,0,1,0,6.148579
0,1,0,1,0,2,0,1,6.1380534
1,2,1,1,0,0,0,0,6.0900846
2,0,0,0,2,0,1,0,5.994691
2,1,0,0,1,1,0,0,5.9900856
2,0,0,1,1,0,0,1,5.9391294
2,0,0,1,0,2,0,0,5.899049
2,0,0,2,0,0,0,1,5.851028
2,0,0,0,1,1,0,1,5.780626
2,0,0,1,0,1,1,0,5.7224355
1,0,1,1,2,0,0,0,5.6734886
2,1,0,0,2,0,0,0,5.638547
3,0,1,1,0,0,0,0,5.6311426
1,0,0,1,1,2,0,0,5.6307616
2,1,0,2,0,0,0,0,5.5073743
1,0,2,2,0,0,0,0,5.4986567
2,0,0,1,0,1,0,1,5.4248843
0,0,0,1,0,3,0,1,5.411078
1,0,1,2,0,0,1,0,5.318683
2,0,1,1,1,0,0,0,5.3160458
2,0,0,0,2,0,0,1,5.291714
1,0,0,3,0,0,1,0,5.2750354
0,0,0,2,0,2,0,1,5.216266
1,1,0,2,1,0,0,0,5.1372166
2,1,0,1,0,1,0,0,5.0812297
1,0,1,1,1,1,0,0,5.0283613
2,1,0,0,1,0,0,1,4.9918046
1,0,0,1,2,0,0,1,4.989202
0,2,0,0,2,0,0,1,4.973554
2,1,0,0,1,0,1,0,4.9581504
1,0,1,1,1,0,1,0,4.9382434
2,1,1,0,1,0,0,0,4.934585
3,0,0,0,0,0,2,0,4.9307814
2,1,0,1,1,0,0,0,4.9288397
1,2,0,2,0,0,0,0,4.9271407
3,0,0,0,0,2,0,0,4.9028497
2,0,1,1,0,1,0,0,4.8798656
1,0,0,3,0,1,0,0,4.7895093
1,0,0,1,0,3,0,0,4.777172
1,0,0,1,1,1,0,1,4.756018
2,0,0,0,1,0,1,1,4.748688
2,0,1,0,1,1,0,0,4.7456
0,2,2,1,0,0,0,0,4.7052813
1,2,0,1,1,0,0,0,4.677591
2,0,1,0,2,0,0,0,4.6686306
1,0,0,1,0,2,0,1,4.603671
2,0,1,0,1,0,1,0,4.5654593
2,0,0,1,0,0,2,0,4.5523157
1,0,1,2,0,1,0,0,4.5341067
2,1,1,1,0,0,0,0,4.5157347
2,1,1,0,0,1,0,0,4.4753723
2,1,0,0,0,1,0,1,4.454529
1,0,0,2,0,1,1,0,4.4201145
1,0,0,1,0,1,0,2,4.403916
1,0,0,1,0,2,1,0,4.371747
2,0,1,1,0,0,1,0,4.2943
1,0,0,2,0,2,0,0,4.2921505
1,0,0,1,1,0,2,0,4.2890296
0,0,0,1,0,2,1,1,4.265326
1,0,0,1,1,0,1,1,4.2539587
1,0,0,1,0,1,2,0,4.2370787
1,2,1,0,1,0,0,0,4.1885176
2,3,0,0,0,0,0,0,4.1739435
1,1,0,1,2,0,0,0,4.146908
0,2,0,0,2,0,1,0,4.1369696
1,0,1,2,0,0,0,1,4.0906773
0,0,1,2,2,0,0,0,4.087809
2,1,0,1,0,0,0,1,4.0829506
1,0,1,1,0,1,1,0,4.0340576
2,1,0,0,0,1,1,0,4.0154486
1,0,1,3,0,0,0,0,4.0121264
1,2,0,1,0,1,0,0,4.0010443
2,0,0,1,0,0,1,1,3.9875243
0,0,0,2,2,0,0,1,3.9631681
0,1,0,1,1,2,0,0,3.946977
0,0,0,1,2,2,0,0,3.9290326
1,0,1,1,0,2,0,0,3.9060907
2,1,1,0,0,0,1,0,3.8898065
2,1,1,0,0,0,0,1,3.8890338
1,0,0,0,2,1,1,0,3.886066
0,2,0,0,2,1,0,0,3.8252993
1,0,0,1,1,0,0,2,3.763424
0,1,0,1,0,3,0,0,3.760022
1,0,0,1,0,0,3,0,3.7350183
1,0,0,2,0,0,1,1,3.6978488
2,0,2,1,0,0,0,0,3.6805768
3,0,1,0,1,0,0,0,3.6783464
2,1,0,1,0,0,1,0,3.6438704
0,0,1,1,0,2,0,1,3.642503
2,0,0,0,3,0,0,0,3.6390636
1,1,1,2,0,0,0,0,3.627088
1,1,0,1,1,1,0,0,3.6257946
1,1,0,3,0,0,0,0,3.605023
0,1,0,2,0,2,0,0,3.5652092
2,0,1,1,0,0,0,1,3.5568964
1,0,2,1,1,0,0,0,3.5302498
2,0,0,0,0,1,0,2,3.5250254
2,0,0,0,0,1,1,1,3.5122817
2,0,2,0,1,0,0,0,3.4969857
1,2,0,1,0,0,0,1,3.489682
0,0,0,4,1,0,0,0,3.4636855
0,0,0,1,1,3,0,0,3.4389844
2,0,0,0,1,2,0,0,3.4347174
2,0,1,0,1,0,0,1,3.4226305
2,0,1,0,0,1,1,0,3.4071174
0,0,0,2,1,2,0,0,3.3748522
1,2,1,0,0,0,0,1,3.3694718
1,1,0,1,0,2,0,0,3.3616354
1,0,2,1,0,1,0,0,3.33031
1,0,1,1,1,0,0,1,3.3048112
3,1,1,0,0,0,0,0,3.3039408
2,1,2,0,0,0,0,0,3.2976658
0,0,1,1,2,0,0,1,3.2886527
1,0,1,1,0,0,2,0,3.2758775
1,0,0,1,0,1,1,1,3.2717068
1,0,3,1,0,0,0,0,3.2401903
1,1,0,2,0,0,1,0,3.2342598
0,0,0,1,2,1,0,1,3.2089562
1,0,0,2,0,0,0,2,3.1980822
1,0,0,2,0,1,0,1,3.1921098
0,0,0,1,1,1,0,2,3.1629066
2,0,0,0,1,0,0,2,3.1386914
1,1,0,1,1,0,1,0,3.1237347
0,0,0,3,2,0,0,0,3.1121
1,1,0,0,2,1,0,0,3.066474
2,1,0,0,0,0,1,1,3.0171664
1,0,2,1,0,0,1,0,3.0135226
0,1,0,2,2,0,0,0,3.004949
3,0,1,0,0,1,0,0,2.9757643
0,2,1,2,0,0,0,0,2.9748776
2,0,0,1,0,0,0,2,2.9480126
1,2,0,1,0,0,1,0,2.917635
0,2,3,0,0,0,0,0,2.9059029
4,0,1,0,0,0,0,0,2.8856452
1,2,1,0,0,1,0,0,2.881411
2,0,0,0,1,0,2,0,2.8710024
0,2,2,0,0,0,0,1,2.8560948
0,1,1,1,2,0,0,0,2.8433094
0,2,1,1,0,0,0,1,2.8199012
1,0,0,0,1,1,0,2,2.816682
1,1,0,1,0,1,1,0,2.8081179
1,0,1,1,0,1,0,1,2.8060508
1,2,1,0,0,0,1,0,2.7974238
2,0,2,0,0,1,0,0,2.7933922
0,2,1,1,1,0,0,0,2.7919545
1,1,0,0,1,1,1,0,2.7808723
0,1,0,4,0,0,0,0,2.7688477
1,1,0,2,0,0,0,1,2.7428849
1,1,0,2,0,1,0,0,2.7285209
2,0,3,0,0,0,0,0,2.7032728
0,0,0,1,1,2,1,0,2.6986558
0,0,0,2,2,1,0,0,2.6795738
1,0,0,1,3,0,0,0,2.6704092
2,0,1,0,0,1,0,1,2.6697128
0,0,1,2,0,0,2,0,2.6545973
0,1,0,1,0,2,1,0,2.6142678
0,0,0,1,0,4,0,0,2.5853953
2,0,0,0,0,1,2,0,2.564893
1,1,0,0,2,0,1,0,2.564414
0,2,0,1,0,2,0,0,2.546434
1,0,0,1,0,0,1,2,2.5457544
1,0,1,0,1,1,1,0,2.527305
1,0,1,0,2,1,0,0,2.524978
0,1,0,1,2,0,0,1,2.5114944
0,1,1,1,0,2,0,0,2.5043213
0,0,0,2,0,0,2,1,2.5015619
1,2,0,0,1,1,0,0,2.4683414
0,0,1,2,1,0,0,1,2.4393654
1,0,1,0,2,0,1,0,2.4348588
0,0,0,2,2,0,1,0,2.4280176
0,0,1,4,0,0,0,0,2.4000823
0,0,0,2,0,3,0,0,2.3905826
3,0,1,0,0,0,1,0,2.3901963
2,0,2,0,0,0,1,0,2.3865824
0,0,0,1,2,0,1,1,2.3822143
0,0,0,3,0,2,0,0,2.3545496
1,1,1,1,0,1,0,0,2.3424613
2,0,0,0,0,2,0,1,2.3179717
1,1,0,1,0,1,0,1,2.3167424
1,0,1,1,0,0,1,1,2.3105059
1,3,0,0,0,0,0,1,2.275654
0,0,1,1,2,0,1,0,2.2663786
2,1,0,0,0,0,0,2,2.266096
1,0,0,0,1,1,1,1,2.2549603
0,0,0,5,0,0,0,0,2.25412
1,0,0,0,2,1,0,1,2.252633
0,1,0,1,2,1,0,0,2.2507367
0,2,2,0,1,0,0,0,2.2289448
1,1,0,1,1,0,0,1,2.2269337
1,0,1,1,0,0,0,2,2.225398
0,2,2,0,0,0,1,0,2.1898203
1,1,1,1,1,0,0,0,2.1745882
2,0,0,0,0,3,0,0,2.1016746
1,0,0,1,0,0,2,1,2.1015868
2,0,1,0,0,0,1,1,2.084145
0,1,0,2,0,0,2,0,2.083987
2,0,0,0,0,0,3,0,2.0628338
1,1,0,0,0,1,0,2,2.0335412
1,2,0,0,1,0,0,1,1.9569781
0,1,0,1,0,1,0,2,1.9255698
0,0,0,2,1,1,0,1,1.8897191
1,1,0,0,1,1,0,1,1.8840702
3,0,2,0,0,0,0,0,1.8828373
0,1,1,2,1,0,0,0,1.8680315
1,1,1,1,0,0,1,0,1.8469176
0,1,2,2,0,0,0,0,1.8213795
0,0,2,1,2,0,0,0,1.8088554
1,2,0,0,1,0,1,0,1.7903564
0,0,0,4,0,1,0,0,1.785561
0,1,1,2,0,0,0,1,1.7652977
0,1,0,2,1,0,0,1,1.7573507
1,0,0,0,2,0,1,1,1.7505739
0,0,2,2,1,0,0,0,1.7273914
0,2,1,1,0,0,1,0,1.7239552
0,0,0,1,2,0,0,2,1.7236718
0,0,0,2,1,0,2,0,1.7102946
1,0,0,0,0,1,1,2,1.7052996
0,0,2,2,0,0,0,1,1.7044946
0,0,1,1,1,2,0,0,1.6932783
0,0,0,1,2,1,1,0,1.6738052
1,1,0,0,2,0,0,1,1.6676124
0,0,0,2,1,0,1,1,1.6381644
1,1,0,1,0,0,2,0,1.6379981
0,3,1,0,0,0,0,1,1.6303089
1,1,1,0,2,0,0,0,1.6152672
1,0,2,1,0,0,0,1,1.6067582
0,0,0,2,0,0,3,0,1.5908436
0,0,0,3,0,0,2,0,1.5345967
0,0,1,2,0,2,0,0,1.508464
0,0,0,2,0,1,0,2,1.4745495
2,0,2,0,0,0,0,1,1.4704204
0,0,0,1,0,3,1,0,1.439641
0,0,0,1,0,1,1,2,1.4276805
0,1,0,1,2,0,1,0,1.4239953
1,1,1,0,1,1,0,0,1.419784
1,1,0,1,0,0,1,1,1.409257
1,1,0,0,1,0,1,1,1.3820108
2,1,0,0,0,2,0,0,1.3719883
1,0,0,0,1,0,1,2,1.3639469
1,1,1,1,0,0,0,1,1.3555422
2,1,0,0,0,0,2,0,1.3331475
0,1,0,1,1,1,0,1,1.3327098
0,0,1,1,0,3,0,0,1.3296952
1,1,1,0,1,0,1,0,1.3296657
0,0,3,2,0,0,0,0,1.3066525
0,0,1,2,1,0,1,0,1.3011941
1,2,0,0,0,1,0,1,1.2804303
0,1,0,3,1,0,0,0,1.2596203
0,0,0,2,0,2,1,0,1.244828
1,0,1,0,0,1,0,2,1.239644
0,0,0,1,1,1,1,1,1.2135231
1,0,3,0,0,1,0,0,1.2021815
0,0,0,0,2,1,0,2,1.187911
2,0,0,0,0,2,1,0,1.1663723
1,1,2,1,0,0,0,0,1.1647543
2,0,0,0,0,0,1,2,1.1369888
2,0,1,0,0,0,2,0,1.1367569
1,1,0,1,0,0,0,2,1.1202047
1,0,2,0,1,1,0,0,1.1193113
1,0,4,0,0,0,0,0,1.1120626
0,0,0,4,0,0,1,0,1.1083657
0,0,0,2,0,1,2,0,1.1020703
1,0,0,0,2,0,0,2,1.0949776
1,1,1,0,0,1,1,0,1.092113
0,1,1,1,1,0,0,1,1.0666926
1,1,0,0,0,1,1,1,1.0663934
1,0,2,0,1,0,1,0,1.0291919
1,0,3,0,1,0,0,0,1.0291919
1,0,2,0,2,0,0,0,1.0268646
0,0,1,1,2,1,0,0,1.014143
0,0,0,0,1,2,0,2,0.99747115
1,0,0,0,0,0,2,2,0.9886931
1,0,2,0,0,1,1,0,0.9755138
0,0,1,1,1,0,1,1,0.94750583
0,0,0,3,1,1,0,0,0.94296825
0,2,1,0,1,0,0,1,0.9427678
1,0,1,0,1,1,0,1,0.89387256
1,0,3,0,0,0,1,0,0.88539493
2,0,0,0,0,0,0,3,0.84323955
2,0,0,0,0,0,2,1,0.82998073
0,1,0,2,1,1,0,0,0.80551016
1,0,1,0,1,0,1,1,0.80375427
1,0,1,0,2,0,0,1,0.8014272
0,2,0,1,1,0,0,1,0.799065
0,0,0,1,0,2,2,0,0.7715806
0,3,0,0,2,0,0,0,0.7323884
1,1,0,0,1,0,0,2,0.72641444
0,1,0,2,0,1,0,1,0.72564596
0,1,0,0,0,2,0,2,0.71746147
1,2,0,0,0,1,1,0,0.70838255
0,0,0,3,1,0,1,0,0.67119884
0,0,0,0,1,1,1,2,0.6703789
0,1,1,2,0,0,1,0,0.66935146
0,2,0,2,0,0,0,1,0.6131234
1,1,1,0,0,1,0,1,0.60073733
0,1,0,0,1,1,0,2,0.57732385
0,0,1,2,0,0,1,1,0.57405055
0,2,0,2,1,0,0,0,0.57184625
0,0,0,2,1,0,0,2,0.5649636
0,1,0,2,1,0,1,0,0.55395466
0,0,0,0,0,3,0,2,0.51681113
0,1,0,1,1,0,1,1,0.50596803
0,2,1,0,1,0,1,0,0.50316155
0,0,2,1,1,0,0,1,0.4899824
0,0,0,1,1,0,1,2,0.4842959
2,0,1,0,0,0,0,2,0.43971905
1,1,1,0,1,0,0,1,0.43286383
0,0,2,1,0,2,0,0,0.43066436
1,1,2,0,0,1,0,0,0.40994933
0,1,1,1,1,0,1,0,0.376172
1,3,1,0,0,0,0,0,0.37227732
0,0,2,2,0,0,1,0,0.3396563
0,0,1,3,1,0,0,0,0.329539
2,0,1,0,0,2,0,0,0.32380316
1,1,3,0,0,0,0,0,0.3198309
0,1,3,1,0,0,0,0,0.3168087
1,0,0,0,1,1,2,0,0.27382284
1,0,1,0,0,1,1,1,0.27249613
0,1,2,1,0,0,0,1,0.26700017
0,1,0,3,0,1,0,0,0.24812946
0,0,0,2,1,1,1,0,0.23867264
0,0,0,4,0,0,0,1,0.21152657
0,0,3,1,0,0,0,1,0.19992381
1,2,0,0,0,0,1,1,0.19701862
0,0,1,1,0,2,1,0,0.18394038
1,1,0,0,0,0,1,2,0.17537948
1,0,1,0,1,0,0,2,0.14815807
0,1,1,0,2,0,0,1,0.14065406
0,1,0,1,1,1,1,0,0.12931365
0,2,1,0,0,0,1,1,0.12568235
0,1,1,3,0,0,0,0,0.12470648
0,0,0,0,0,2,1,2,0.11138499
1,1,1,0,0,0,1,1,0.10519284
1,1,2,0,0,0,1,0,0.09316325
1,0,0,0,0,1,3,0,0.0927403
0,0,3,1,1,0,0,0,0.09213966
0,1,0,2,0,0,1,1,0.06866467
0,1,0,0,2,1,0,1,0.060956687
0,2,0,3,0,0,0,0,0.047483087
0,1,1,1,0,0,1,1,-0.0013073683
1,0,0,0,3,1,0,0,-0.010832548
0,0,0,1,2,0,2,0,-0.010967612
0,0,0,0,1,3,0,1,-0.046521485
1,1,2,0,1,0,0,0,-0.056745112
0,1,2,1,1,0,0,0,-0.059767485
0,0,1,1,0,1,0,2,-0.086832166
0,0,1,1,1,0,0,2,-0.11331326
1,0,0,1,0,0,0,3,-0.1314727
0,1,0,0,1,2,0,1,-0.13957638
1,1,1,0,0,0,0,2,-0.14497703
0,1,1,0,2,0,1,0,-0.18305534
0,0,4,1,0,0,0,0,-0.19791895
1,0,1,0,0,0,1,2,-0.20657623
0,1,0,1,0,1,1,1,-0.22529584
1,0,0,0,1,0,3,0,-0.2282368
1,0,0,0,2,0,2,0,-0.230564
0,1,0,0,0,1,1,2,-0.24035305
1,0,0,0,0,1,0,3,-0.2564364
1,2,0,0,0,0,0,2,-0.26203185
0,0,1,0,2,0,1,1,-0.26579916
0,0,2,3,0,0,0,0,-0.28869087
0,2,0,1,0,1,0,1,-0.29312938
0,0,1,1,1,1,0,1,-0.30473053
1,0,0,0,1,2,1,0,-0.30800885
1,0,0,0,1,3,0,0,-0.30800885
0,3,0,1,0,0,0,1,-0.3161919
0,1,0,0,0,3,0,1,-0.32653075
0,0,0,0,2,1,1,1,-0.34549636
0,1,0,1,1,0,0,2,-0.3565178
0,3,0,0,1,0,0,1,-0.39052778
0,0,1,2,1,1,0,0,-0.39312375
0,2,0,1,1,0,1,0,-0.40433085
1,0,0,0,0,0,4,0,-0.40931916
0,0,0,0,2,2,0,1,-0.4099415
1,0,0,0,0,2,0,2,-0.41122967
0,1,0,3,0,0,1,0,-0.42906594
1,0,2,0,0,1,0,1,-0.43125147
0,2,0,1,1,1,0,0,-0.46508706
0,0,0,2,0,1,1,1,-0.4656011
0,0,0,1,1,0,2,1,-0.4712503
1,0,0,0,1,2,0,1,-0.49229145
0,0,1,2,0,0,0,2,-0.4960004
0,1,0,0,2,0,1,1,-0.514871
1,0,3,0,0,0,0,1,-0.5213698
0,0,0,0,0,4,0,1,-0.5271814
0,0,0,0,1,2,1,1,-0.5359359
0,2,2,0,0,1,0,0,-0.5616425
1,0,0,0,4,0,0,0,-0.5682205
1,0,0,0,3,0,1,0,-0.5682205
1,1,2,0,0,0,0,1,-0.5769707
0,2,1,1,0,1,0,0,-0.59783554
1,0,2,0,1,0,0,1,-0.6042403
0,1,1,2,0,1,0,0,-0.6195402
0,1,1,1,0,0,2,0,-0.61955905
0,2,0,1,0,0,1,1,-0.63779926
0,0,2,1,1,0,1,0,-0.64818895
0,1,2,1,0,0,1,0,-0.6501876
0,4,0,0,0,0,0,1,-0.68163705
0,0,1,2,0,1,0,1,-0.7148416
0,0,1,1,0,0,2,1,-0.7148601
1,1,0,0,0,1,2,0,-0.7210753
1,0,2,0,0,0,1,1,-0.7480377
0,0,2,1,0,0,1,1,-0.7670727
0,1,0,0,2,1,1,0,-0.77562857
1,0,1,0,0,1,2,0,-0.7783414
0,2,0,2,0,1,0,0,-0.7841332
1,0,0,0,0,4,0,0,-0.788669
0,1,0,2,0,0,0,2,-0.8030536
0,1,1,1,0,1,0,1,-0.8481171
0,1,1,1,0,0,0,2,-0.8606434
1,0,1,0,0,0,3,0,-0.8684597
0,1,2,0,2,0,0,0,-0.86990905
0,1,1,1,1,1,0,0,-0.8760638
0,1,0,2,0,1,1,0,-0.88317657
0,0,0,1,0,1,2,1,-0.9388492
1,3,0,1,0,0,0,0,-0.9414444
0,1,0,0,1,1,1,1,-0.9560833
1,0,0,0,0,3,0,1,-0.9729512
0,0,2,0,2,0,0,1,-0.9742367
0,1,0,1,0,0,2,1,-0.979769
1,0,0,0,2,2,0,0,-0.9802648
0,0,1,1,1,0,2,0,-0.984004
0,3,2,0,0,0,0,0,-0.988093
0,2,0,2,0,0,1,0,-0.99569845
0,0,0,1,0,0,3,1,-1.0252618
0,0,0,2,0,0,1,2,-1.0343007
1,3,0,0,1,0,0,0,-1.040216
1,1,0,0,0,2,0,1,-1.0501359
1,0,0,0,3,0,0,1,-1.0564185
0,0,0,1,3,0,0,1,-1.0751798
0,0,0,2,3,0,0,0,-1.0857929
0,0,0,1,0,0,2,2,-1.0884575
0,0,1,1,0,0,1,2,-1.0918903
1,0,1,0,1,0,2,0,-1.1126902
0,0,1,1,0,0,3,0,-1.1127026
0,0,2,2,0,1,0,0,-1.1279941
0,1,0,1,0,0,1,2,-1.1584666
0,0,3,1,0,0,1,0,-1.1649151
1,0,0,0,0,3,1,0,-1.1940953
0,1,0,0,0,2,1,1,-1.2213712
0,1,1,0,1,0,1,1,-1.2221007
1,1,0,0,0,0,3,0,-1.2231345
0,0,0,0,2,0,1,2,-1.2397852
0,0,3,0,2,0,0,0,-1.2561823
1,0,0,0,1,0,0,3,-1.2698576
0,0,0,1,1,1,2,0,-1.2955556
1,1,0,0,3,0,0,0,-1.3264354
1,4,0,0,0,0,0,0,-1.3313255
1,1,0,0,1,0,2,0,-1.3357575
0,1,0,1,0,1,2,0,-1.3564234
1,0,0,0,0,2,1,1,-1.3783773
0,0,0,1,1,0,3,0,-1.3819684
0,0,0,3,0,1,1,0,-1.4123529
1,1,0,0,1,2,0,0,-1.4155302
0,0,0,0,0,3,1,1,-1.4220217
0,1,0,1,0,0,3,0,-1.4428365
0,0,1,1,1,1,1,0,-1.4429016
1,3,0,0,0,1,0,0,-1.4677677
0,1,4,0,0,0,0,0,-1.4825698
0,2,0,0,1,0,1,1,-1.489728
0,1,3,0,0,0,0,1,-1.532378
0,0,1,3,0,0,1,0,-1.5357757
0,2,0,0,0,2,0,1,-1.5401189
1,0,0,0,0,1,2,1,-1.5406919
0,1,0,1,1,0,2,0,-1.5554593
0,3,0,0,0,0,1,1,-1.5764778
0,1,0,0,2,0,0,2,-1.5893884
1,2,0,0,0,0,2,0,-1.5904493
1,1,0,0,0,3,0,0,-1.6024842
0,0,0,1,3,1,0,0,-1.653996
0,0,1,0,0,2,0,2,-1.6540418
1,0,1,0,0,3,0,0,-1.6597507
1,0,1,0,1,2,0,0,-1.669097
0,1,2,1,0,1,0,0,-1.6757562
1,1,1,0,0,0,2,0,-1.6822746
0,1,1,0,2,1,0,0,-1.6862054
0,0,1,0,2,0,0,2,-1.7425933
0,0,2,0,2,0,1,0,-1.7455969
1,0,0,3,0,0,0,1,-1.7517698
0,0,4,0,0,0,0,1,-1.7546124
1,0,2,0,0,0,0,2,-1.7586186
0,2,0,1,0,0,2,0,-1.7689266
0,0,1,0,2,1,0,1,-1.7689493
0,0,2,1,0,1,0,1,-1.7926412
1,2,0,0,0,2,0,0,-1.7938733
0,0,0,1,4,0,0,0,-1.7957375
1,0,2,0,0,0,2,0,-1.7988753
0,2,0,0,1,1,0,1,-1.8013978
0,0,2,1,0,0,2,0,-1.8329754
0,0,3,0,1,0,0,1,-1.8374832
1,0,1,0,0,2,0,1,-1.844033
0,0,0,1,0,1,3,0,-1.8495672
0,1,0,0,1,0,1,2,-1.8503721
0,1,3,0,1,0,0,0,-1.8591456
1,0,0,0,1,0,2,1,-1.8616691
0,1,0,1,3,0,0,0,-1.8977573
0,0,2,1,1,1,0,0,-1.900425
0,2,0,1,0,1,1,0,-1.9019511
0,1,2,0,1,0,0,1,-1.9089541
0,0,0,1,0,0,4,0,-1.9359801
0,1,1,1,0,1,1,0,-1.9440637
1,0,0,0,0,0,1,3,-1.9593499
1,0,0,0,0,0,0,4,-1.9758141
0,0,0,0,0,1,2,2,-1.9903598
0,0,1,0,1,1,0,2,-1.9904797
1,1,0,0,0,0,0,3,-2.0050452
0,1,1,0,0,1,0,2,-2.0057795
1,1,0,0,0,2,1,0,-2.00791
0,0,1,1,0,1,1,1,-2.0393648
1,0,0,0,0,0,3,1,-2.0427516
1,0,1,0,0,2,1,0,-2.065177
0,1,1,0,0,2,0,1,-2.0951068
0,0,1,1,0,0,0,3,-2.106624
1,1,0,0,0,0,2,1,-2.1199362
0,0,5,0,0,0,0,0,-2.1524553
0,0,2,1,0,0,0,2,-2.1828768
0,0,3,1,0,1,0,0,-2.190484
0,1,3,0,0,0,1,0,-2.198651
0,3,0,0,0,1,0,1,-2.2279642
0,0,4,0,1,0,0,0,-2.2353258
0,1,2,0,0,0,1,1,-2.2484596
0,0,1,2,0,1,1,0,-2.2584383
0,0,1,0,0,3,0,1,-2.2957578
0,0,1,0,1,2,0,1,-2.305104
0,2,0,0,3,0,0,0,-2.3089015
0,0,2,0,1,0,1,1,-2.326898
0,0,1,0,1,0,1,2,-2.3391984
0,1,2,0,1,0,1,0,-2.3485599
0,2,1,0,0,1,0,1,-2.4470217
0,3,1,1,0,0,0,0,-2.458219
0,0,3,0,0,0,1,1,-2.4706945
1,1,1,0,0,2,0,0,-2.4735663
0,2,1,0,1,1,0,0,-2.4749687
0,0,1,3,0,1,0,0,-2.4849873
1,0,1,0,0,0,2,1,-2.5018923
0,1,0,0,1,3,0,0,-2.506829
0,0,0,1,3,0,1,0,-2.5360658
0,0,1,0,2,1,1,0,-2.5403094
0,0,1,0,0,1,1,2,-2.6118562
0,1,0,0,0,4,0,0,-2.6937835
0,1,1,0,1,0,0,2,-2.6988955
0,2,0,1,0,0,0,2,-2.7007482
0,0,3,0,1,0,1,0,-2.7247403
0,1,1,0,1,1,0,1,-2.7252507
0,1,0,0,2,2,0,0,-2.7442589
0,2,0,0,1,1,1,0,-2.7538795
0,1,1,0,0,0,1,2,-2.759924
1,0,2,0,0,2,0,0,-2.7689247
1,3,0,0,0,0,1,0,-2.8001747
0,4,1,0,0,0,0,0,-2.8236642
0,0,0,0,1,4,0,0,-2.861425
0,0,4,0,0,0,1,0,-2.868537
0,3,1,0,1,0,0,0,-2.9014194
0,2,0,0,0,1,1,1,-2.9873474
0,1,0,0,1,2,1,0,-2.9962437
0,2,1,0,0,0,0,2,-3.0141697
0,3,0,0,0,0,0,2,-3.072945
0,0,1,1,0,1,2,0,-3.1052678
0,0,0,0,2,3,0,0,-3.1089482
0,0,1,0,1,1,1,1,-3.1216109
1,0,1,0,0,0,0,3,-3.1425447
0,0,2,1,0,1,1,0,-3.15748
0,1,1,0,1,1,1,0,-3.164857
0,0,0,1,0,1,0,3,-3.1865814
0,0,1,0,0,2,1,1,-3.1905982
0,0,2,0,0,2,0,1,-3.1947887
1,0,0,0,0,2,2,0,-3.2221608
0,0,2,0,2,1,0,0,-3.248747
0,2,1,0,0,1,1,0,-3.292054
0,0,0,0,0,5,0,0,-3.342085
0,0,0,0,1,3,1,0,-3.3508391
0,1,3,0,0,1,0,0,-3.4751341
0,0,0,3,1,0,0,1,-3.4765515
0,1,2,0,0,1,0,1,-3.5249429
0,1,1,0,0,1,1,1,-3.5423365
0,0,1,0,0,1,0,3,-3.5569186
0,2,0,0,0,1,0,2,-3.5583649
0,1,0,0,0,3,1,0,-3.5886254
0,0,0,0,2,2,1,0,-3.598363
0,0,2,0,0,1,0,2,-3.6871138
0,3,1,0,0,0,1,0,-3.7185078
0,0,3,0,0,1,0,1,-3.7471776
0,2,1,0,0,2,0,0,-3.749011
0,0,2,0,1,1,0,1,-3.830048
0,2,0,0,1,2,0,0,-3.8415594
0,1,2,0,1,1,0,0,-3.8517113
0,0,0,0,0,2,0,3,-3.9008746
0,2,0,0,0,3,0,0,-3.907373
0,1,1,0,0,0,0,3,-3.923678
0,0,0,0,1,1,0,3,-3.9406686
0,1,1,0,0,3,0,0,-3.9494843
0,0,1,0,1,0,0,3,-3.9563308
0,0,0,0,3,1,0,1,-3.998478
0,1,2,0,0,0,0,2,-4.080241
0,0,0,0,4,0,0,1,-4.1402187
0,0,4,0,0,1,0,0,-4.14502
0,0,1,0,0,0,1,3,-4.1558166
0,1,0,0,3,0,0,1,-4.1618023
0,2,0,0,1,0,0,2,-4.1701384
0,0,1,0,0,0,0,4,-4.172282
0,1,2,0,0,1,1,0,-4.191217
0,1,0,0,0,0,2,2,-4.217409
0,0,3,0,1,1,0,0,-4.2278914
0,0,0,0,0,4,1,0,-4.236928
0,0,0,0,1,0,2,2,-4.236976
0,1,1,0,1,2,0,0,-4.2525373
0,0,2,0,0,0,1,2,-4.2625003
0,1,0,0,3,1,0,0,-4.2929688
0,0,3,0,0,0,0,2,-4.302475
0,0,2,0,1,0,0,2,-4.3853455
0,1,0,0,0,1,0,3,-4.3980227
0,0,0,0,0,0,3,2,-4.4180593
0,1,0,0,4,0,0,0,-4.4347095
0,0,2,0,0,1,1,1,-4.46326
0,0,1,0,2,2,0,0,-4.5089417
0,0,1,0,0,0,2,2,-4.5099344
0,0,1,0,0,4,0,0,-4.597787
0,2,0,0,0,0,1,2,-4.6000314
0,0,1,0,1,3,0,0,-4.607133
0,1,0,3,0,0,0,1,-4.6190405
0,0,0,0,3,0,1,1,-4.629634
0,0,0,0,0,1,0,4,-4.646627
0,0,2,0,1,1,1,0,-4.7173057
0,0,0,0,4,1,0,0,-4.719036
0,2,1,0,0,0,2,0,-4.7942677
0,0,0,1,1,0,0,3,-4.8020344
0,2,0,0,0,2,1,0,-4.802215
0,1,2,0,0,2,0,0,-4.826933
0,1,1,0,0,2,1,0,-4.8443265
0,0,0,0,5,0,0,0,-4.860777
0,0,3,0,0,1,1,0,-4.8611026
0,0,0,0,0,1,1,3,-4.8968043
0,1,0,0,3,0,1,0,-4.924124
0,3,0,1,1,0,0,0,-4.991933
0,0,0,0,3,0,0,2,-5.0542994
0,0,1,0,1,2,1,0,-5.096547
0,0,0,3,0,1,0,1,-5.154677
0,3,0,2,0,0,0,0,-5.1778736
0,0,1,3,0,0,0,1,-5.206148
0,0,0,0,3,1,1,0,-5.2084503
0,4,0,1,0,0,0,0,-5.2830424
0,0,0,0,4,0,1,0,-5.350191
0,4,0,0,1,0,0,0,-5.357379
0,0,1,0,0,3,1,0,-5.4926276
0,0,2,0,0,3,0,0,-5.4968176
0,0,3,0,0,2,0,0,-5.4968176
0,0,2,0,0,0,0,3,-5.538725
0,5,0,0,0,0,0,0,-5.6484885
0,0,0,0,0,2,2,1,-5.735575
0,0,2,0,1,2,0,0,-5.8049836
0,0,0,3,0,0,1,1,-5.8318715
0,3,0,1,0,1,0,0,-5.8351307
0,3,0,0,1,0,1,0,-5.846793
0,0,0,1,0,0,0,4,-5.8809214
0,3,0,0,1,1,0,0,-5.909467
0,0,0,2,0,0,0,3,-5.915205
0,3,1,0,0,1,0,0,-6.042214
0,0,0,1,0,0,1,3,-6.115371
0,4,0,0,0,1,0,0,-6.200577
0,0,2,0,0,2,1,0,-6.2129
0,0,0,0,1,0,1,3,-6.213119
0,0,0,0,2,0,0,3,-6.248073
0,1,0,1,0,0,0,3,-6.3144054
0,0,0,0,2,0,2,1,-6.3319654
0,0,1,0,2,0,2,0,-6.3831096
0,3,0,1,0,0,1,0,-6.4287972
0,1,1,0,0,0,3,0,-6.4697227
0,0,0,3,0,0,0,2,-6.4996457
0,1,1,0,0,0,2,1,-6.5195303
0,4,0,0,0,0,1,0,-6.543329
0,0,0,0,1,0,0,4,-6.6350093
0,1,0,0,1,0,0,3,-6.680112
0,0,1,0,0,0,3,1,-6.7201805
0,1,0,0,0,1,2,1,-6.7435184
0,1,0,0,2,0,2,0,-6.762098
0,0,0,0,1,1,2,1,-6.7630854
0,1,0,0,0,0,3,1,-6.8299313
0,0,0,0,3,2,0,0,-6.843823
0,0,0,0,1,0,3,1,-6.8494983
0,1,0,0,1,0,2,1,-6.942554
0,0,0,0,0,1,3,1,-6.9441686
0,0,1,0,1,0,2,1,-6.9644103
0,1,1,0,1,0,2,0,-7.007658
0,0,0,0,0,0,4,1,-7.0305815
0,0,0,0,2,1,2,0,-7.0403743
0,1,0,0,0,0,1,3,-7.075899
0,1,0,0,0,0,0,4,-7.0923634
0,3,0,0,0,1,1,0,-7.095417
0,0,1,0,0,0,4,0,-7.1180234
0,0,0,0,2,0,3,0,-7.1267877
0,2,0,0,0,0,2,1,-7.156021
0,1,2,0,0,0,2,0,-7.168411
0,1,0,0,0,1,3,0,-7.2065864
0,1,0,0,0,0,4,0,-7.292999
0,1,0,0,1,1,2,0,-7.319209
0,0,0,0,0,0,1,4,-7.324503
0,0,0,0,0,0,0,5,-7.3409677
0,0,1,0,1,0,3,0,-7.3622537
0,1,0,0,1,0,3,0,-7.4056215
0,0,2,0,0,0,2,1,-7.4404526
0,0,1,1,3,0,0,0,-7.494668
0,3,0,0,0,2,0,0,-7.552374
0,2,0,0,0,0,3,0,-7.6190863
0,0,0,0,1,1,3,0,-7.6738005
0,0,0,0,1,0,4,0,-7.7602158
0,3,0,0,0,0,2,0,-7.769433
0,0,2,0,0,0,3,0,-7.838296
0,0,3,0,0,0,2,0,-7.838296
0,0,0,0,0,1,4,0,-7.8548813
0,1,0,0,0,2,2,0,-7.902174
0,0,0,0,0,0,5,0,-7.9412956
0,0,2,0,1,0,2,0,-8.193618
0,2,0,0,1,0,2,0,-8.329324
0,2,0,0,0,1,2,0,-8.420171
0,1,1,0,0,1,2,0,-8.462286
0,0,0,0,0,3,2,0,-8.550474
0,0,0,0,0,2,3,0,-8.550474
0,0,0,0,1,2,2,0,-8.594687
0,0,0,0,0,0,2,3,-8.698833
0,0,1,0,0,1,2,1,-8.712743
0,2,0,0,0,0,0,3,-8.992393
0,0,1,0,0,1,3,0,-9.110586
0,0,1,0,1,1,2,0,-9.3548155
0,0,1,0,0,2,2,0,-9.806177
0,0,2,0,0,1,2,0,-9.830858
1,0,1,0,3,0,0,0,-10.033051
0,1,1,0,3,0,0,0,-10.1336355
0,0,1,0,3,0,0,1,-10.35202
0,0,0,0,3,0,2,0,-10.436445
0,0,1,0,4,0,0,0,-10.559702
0,0,1,0,3,0,1,0,-11.049117
0,0,2,0,3,0,0,0,-11.757557
0,0,1,0,3,1,0,0,-12.496938
